dt,updateTime,filterObjects,sum,mean,min,max
15,2,16,1184,74,74,74
16,2,16,1184,74,74,74
18,3,16,1184,74,74,74
16,2,16,1184,74,74,74
19,2,16,1184,74,74,74
14,3,16,1184,74,74,74
17,2,16,1184,74,74,74
16,2,16,1184,74,74,74
17,3,16,1184,74,74,74
17,3,16,1184,74,74,74
17,3,16,1184,74,74,74
16,4,16,1184,74,74,74
17,3,16,1184,74,74,74
17,3,16,1184,74,74,74
16,2,16,1184,74,74,74
17,3,16,1184,74,74,74
16,3,16,1184,74,74,74
17,3,16,1184,74,74,74
17,2,16,1184,74,74,74
17,3,16,1184,74,74,74
16,3,16,1184,74,74,74
18,3,16,1184,74,74,74
16,2,16,1184,74,74,74
16,4,16,1184,74,74,74
17,3,16,1184,74,74,74
17,3,16,1184,74,74,74
17,3,16,1184,74,74,74
18,2,16,1184,74,74,74
16,3,16,1184,74,74,74
17,3,16,1184,74,74,74
15,2,16,1184,74,74,74
18,2,16,1184,74,74,74
16,2,16,1184,74,74,74
16,3,16,1184,74,74,74
17,2,16,1184,74,74,74
18,3,16,1184,74,74,74
15,3,16,1184,74,74,74
16,2,16,1184,74,74,74
17,3,16,1184,74,74,74
19,2,16,1184,74,74,74
15,2,16,1184,74,74,74
16,2,16,1184,74,74,74
17,3,16,1184,74,74,74
17,3,16,1184,74,74,74
16,3,16,1184,74,74,74
18,3,16,1184,74,74,74
17,3,16,1184,74,74,74
17,3,16,1184,74,74,74
17,3,16,1184,74,74,74
15,3,16,1184,74,74,74
17,2,16,1184,74,74,74
16,3,16,1184,74,74,74
17,3,16,1184,74,74,74
17,2,16,1184,74,74,74
16,2,16,1184,74,74,74
17,2,16,1184,74,74,74
17,2,16,1184,74,74,74
17,2,16,1184,74,74,74
16,2,16,1184,74,74,74
17,4,16,1184,74,74,74
4,24,16,86,5.375,2,8
45,9,16,128,8,8,8
17,7,16,128,8,8,8
16,10,16,128,8,8,8
17,3,16,128,8,8,8
18,3,16,128,8,8,8
16,4,16,128,8,8,8
17,3,16,128,8,8,8
18,9,16,128,8,8,8
15,2,16,128,8,8,8
19,2,16,128,8,8,8
15,3,16,128,8,8,8
16,3,16,128,8,8,8
18,1,16,128,8,8,8
16,3,16,128,8,8,8
17,2,16,128,8,8,8
16,3,16,128,8,8,8
16,3,16,128,8,8,8
17,19,16,128,8,8,8
33,3,16,128,8,8,8
17,1,16,128,8,8,8
16,4,16,128,8,8,8
17,3,16,128,8,8,8
17,5,16,128,8,8,8
17,2,16,128,8,8,8
16,2,16,128,8,8,8
17,3,16,128,8,8,8
16,1,16,128,8,8,8
17,2,16,128,8,8,8
17,1,16,128,8,8,8
16,2,16,128,8,8,8
17,4,16,128,8,8,8
17,1,16,128,8,8,8
17,1,16,128,8,8,8
16,2,16,128,8,8,8
17,1,16,128,8,8,8
18,1,16,128,8,8,8
16,3,16,128,8,8,8
17,3,16,128,8,8,8
16,2,16,128,8,8,8
17,2,16,128,8,8,8
16,3,16,128,8,8,8
17,3,16,128,8,8,8
17,5,16,128,8,8,8
17,1,16,128,8,8,8
16,2,16,128,8,8,8
17,1,16,128,8,8,8
17,1,16,128,8,8,8
16,1,16,128,8,8,8
17,1,16,128,8,8,8
16,1,16,128,8,8,8
20,1,16,128,8,8,8
14,2,16,128,8,8,8
17,1,16,128,8,8,8
16,2,16,128,8,8,8
17,2,16,128,8,8,8
16,2,16,128,8,8,8
18,1,16,128,8,8,8
16,1,16,128,8,8,8
18,11,19,182,9.578947368421053,8,11
32,6,17,187,11,11,11
16,2,17,187,11,11,11
18,1,17,187,11,11,11
16,2,17,187,11,11,11
17,4,17,187,11,11,11
16,4,17,187,11,11,11
17,4,17,187,11,11,11
17,1,17,187,11,11,11
19,1,17,187,11,11,11
14,2,17,187,11,11,11
16,1,17,187,11,11,11
19,2,17,187,11,11,11
14,2,17,187,11,11,11
18,1,17,187,11,11,11
16,2,17,187,11,11,11
19,1,17,187,11,11,11
14,1,17,187,11,11,11
17,1,17,187,11,11,11
17,3,17,187,11,11,11
17,1,17,187,11,11,11
16,1,17,187,11,11,11
17,1,17,187,11,11,11
16,1,17,187,11,11,11
18,1,17,187,11,11,11
17,0,17,187,11,11,11
16,1,17,187,11,11,11
16,1,17,187,11,11,11
17,1,17,187,11,11,11
16,1,17,187,11,11,11
18,1,17,187,11,11,11
16,2,17,187,11,11,11
17,2,17,187,11,11,11
16,1,17,187,11,11,11
17,2,17,187,11,11,11
17,9,17,124,7.294117647058823,2,11
16,43,72,2034,28.25,27,33
50,17,72,2376,33,33,33
35,12,72,2376,33,33,33
15,8,72,2376,33,33,33
18,12,72,2376,33,33,33
16,10,72,2376,33,33,33
16,7,72,2376,33,33,33
18,6,72,2376,33,33,33
15,6,72,2376,33,33,33
18,4,72,2376,33,33,33
17,6,72,2376,33,33,33
16,4,72,2376,33,33,33
16,7,72,2376,33,33,33
18,8,72,2376,33,33,33
16,5,72,2376,33,33,33
17,6,72,2376,33,33,33
16,5,72,2376,33,33,33
16,11,72,2376,33,33,33
17,4,72,2376,33,33,33
17,5,72,2376,33,33,33
17,5,72,2376,33,33,33
16,8,72,2376,33,33,33
18,6,72,2376,33,33,33
16,6,72,2376,33,33,33
16,7,72,2376,33,33,33
17,19,72,2376,33,33,33
35,5,72,2376,33,33,33
15,4,72,2376,33,33,33
17,3,72,2376,33,33,33
17,4,72,2376,33,33,33
17,6,72,2376,33,33,33
15,5,72,2376,33,33,33
19,6,72,2376,33,33,33
16,6,72,2376,33,33,33
16,11,72,2376,33,33,33
16,8,72,2376,33,33,33
17,11,72,2376,33,33,33
34,4,72,2376,33,33,33
16,4,72,2376,33,33,33
18,3,72,2376,33,33,33
15,4,72,2376,33,33,33
18,4,72,2376,33,33,33
18,4,72,2376,33,33,33
14,5,72,2376,33,33,33
18,5,72,2376,33,33,33
17,6,72,2376,33,33,33
15,4,72,2376,33,33,33
18,3,72,2376,33,33,33
16,5,72,2376,33,33,33
16,5,72,2376,33,33,33
18,9,72,2419,33.59722222222222,33,34
16,4,72,2448,34,34,34
16,5,72,2448,34,34,34
17,5,72,2448,34,34,34
17,5,72,2448,34,34,34
17,4,72,2448,34,34,34
17,4,72,2448,34,34,34
16,4,72,2448,34,34,34
17,5,72,2448,34,34,34
16,4,72,2448,34,34,34
17,6,72,2448,34,34,34
16,6,72,2448,34,34,34
18,4,72,2448,34,34,34
16,7,72,2448,34,34,34
16,6,72,2448,34,34,34
18,9,72,2448,34,34,34
16,8,72,2448,34,34,34
17,7,72,2448,34,34,34
17,7,72,2448,34,34,34
16,12,72,2448,34,34,34
17,7,72,2448,34,34,34
17,5,72,2448,34,34,34
17,13,72,2448,34,34,34
19,10,72,2448,34,34,34
13,6,72,2448,34,34,34
18,6,72,2448,34,34,34
17,5,72,2448,34,34,34
16,6,72,2448,34,34,34
16,6,72,2448,34,34,34
17,4,72,2448,34,34,34
17,5,72,2448,34,34,34
17,4,72,2448,34,34,34
16,4,72,2448,34,34,34
17,6,72,2448,34,34,34
16,5,72,2448,34,34,34
17,4,72,2448,34,34,34
17,3,72,2448,34,34,34
17,5,72,2448,34,34,34
16,5,72,2448,34,34,34
17,3,72,2448,34,34,34
16,6,72,2448,34,34,34
18,4,72,2448,34,34,34
16,6,72,2448,34,34,34
16,4,72,2448,34,34,34
18,4,72,2448,34,34,34
16,4,72,2448,34,34,34
17,5,72,2448,34,34,34
16,4,72,2448,34,34,34
17,3,72,2448,34,34,34
16,6,72,2448,34,34,34
18,4,72,2448,34,34,34
16,4,72,2448,34,34,34
17,6,72,2448,34,34,34
16,3,72,2448,34,34,34
17,4,72,2448,34,34,34
16,4,72,2448,34,34,34
17,5,72,2448,34,34,34
17,4,72,2448,34,34,34
16,5,72,2448,34,34,34
17,4,72,2448,34,34,34
17,4,72,2448,34,34,34
16,4,72,2448,34,34,34
18,5,72,2448,34,34,34
15,4,72,2448,34,34,34
18,4,72,2448,34,34,34
16,5,72,2448,34,34,34
18,4,72,2448,34,34,34
15,4,72,2448,34,34,34
18,4,72,2448,34,34,34
16,4,72,2448,34,34,34
17,6,72,2448,34,34,34
16,3,72,2448,34,34,34
17,5,72,2448,34,34,34
16,4,72,2448,34,34,34
18,4,72,2448,34,34,34
17,8,72,2534,35.19444444444444,34,36
16,8,72,2549,35.40277777777778,35,36
16,4,72,2477,34.40277777777778,34,35
18,4,72,2448,34,34,34
15,4,72,2448,34,34,34
18,3,72,2448,34,34,34
16,15,72,2448,34,34,34
34,5,72,2448,34,34,34
17,4,72,2448,34,34,34
15,4,72,2448,34,34,34
18,4,72,2380,33.05555555555556,33,34
16,3,72,2376,33,33,33
17,5,72,2376,33,33,33
17,4,72,2376,33,33,33
17,4,72,2376,33,33,33
16,4,72,2376,33,33,33
17,4,72,2376,33,33,33
17,3,72,2376,33,33,33
16,4,72,2376,33,33,33
16,4,72,2376,33,33,33
18,3,72,2376,33,33,33
16,4,72,2376,33,33,33
17,6,72,2376,33,33,33
16,6,72,2376,33,33,33
17,6,72,2343,32.541666666666664,30,33
17,3,70,2100,30,30,30
16,3,70,2100,30,30,30
16,3,70,2100,30,30,30
18,5,70,2100,30,30,30
18,3,70,2100,30,30,30
15,3,70,2100,30,30,30
17,4,70,2100,30,30,30
17,4,70,2100,30,30,30
16,5,70,2100,30,30,30
18,4,70,2100,30,30,30
15,3,70,2100,30,30,30
18,3,70,2100,30,30,30
16,4,70,2100,30,30,30
17,3,70,2100,30,30,30
17,3,70,2100,30,30,30
16,3,70,2100,30,30,30
17,3,70,2100,30,30,30
16,3,70,2100,30,30,30
17,4,70,2100,30,30,30
17,4,70,2141,30.585714285714285,30,31
17,4,70,2170,31,31,31
16,3,70,2170,31,31,31
17,4,70,2170,31,31,31
17,3,70,2170,31,31,31
16,4,70,2170,31,31,31
16,3,70,2170,31,31,31
17,4,70,2170,31,31,31
17,4,70,2170,31,31,31
17,5,70,2170,31,31,31
16,12,80,3130,39.125,31,41
17,6,80,3280,41,41,41
17,5,80,3280,41,41,41
17,5,80,3280,41,41,41
16,4,80,3204,40.05,40,41
17,7,80,3200,40,40,40
16,5,80,3200,40,40,40
17,6,80,3135,39.1875,39,40
17,4,80,3120,39,39,39
16,4,80,3120,39,39,39
17,5,80,3120,39,39,39
17,5,80,3120,39,39,39
16,5,80,3120,39,39,39
18,4,80,3120,39,39,39
16,4,80,3120,39,39,39
17,5,70,2186,31.228571428571428,31,39
16,4,70,2170,31,31,31
17,4,70,2170,31,31,31
17,3,70,2170,31,31,31
16,4,70,2170,31,31,31
16,4,70,2170,31,31,31
18,3,70,2170,31,31,31
17,3,70,2170,31,31,31
16,4,70,2170,31,31,31
17,3,70,2170,31,31,31
16,4,70,2170,31,31,31
16,5,70,2170,31,31,31
17,3,70,2170,31,31,31
17,4,70,2170,31,31,31
17,3,70,2170,31,31,31
16,4,70,2170,31,31,31
17,4,70,2170,31,31,31
17,3,70,2170,31,31,31
17,3,70,2170,31,31,31
16,5,70,2170,31,31,31
16,4,70,2170,31,31,31
18,3,70,2170,31,31,31
17,3,70,2170,31,31,31
16,4,70,2170,31,31,31
17,3,70,2170,31,31,31
17,3,70,2170,31,31,31
16,4,70,2170,31,31,31
17,5,70,2221,31.728571428571428,31,34
16,13,78,3596,46.1025641025641,34,89
16,17,138,12282,89,89,89
35,17,138,12282,89,89,89
33,10,138,12282,89,89,89
16,9,138,12282,89,89,89
17,16,138,12282,89,89,89
34,9,138,12282,89,89,89
16,17,138,12282,89,89,89
34,9,138,12282,89,89,89
16,16,138,12282,89,89,89
34,9,138,12282,89,89,89
16,16,138,12282,89,89,89
33,9,138,12282,89,89,89
17,9,138,12282,89,89,89
17,9,138,12282,89,89,89
26,10,138,12282,89,89,89
15,11,138,12282,89,89,89
17,10,138,12282,89,89,89
17,10,138,12282,89,89,89
16,11,138,12282,89,89,89
17,10,138,12282,89,89,89
17,9,138,12282,89,89,89
17,10,138,12282,89,89,89
16,12,138,12282,89,89,89
17,11,138,12282,89,89,89
16,11,138,12282,89,89,89
17,10,138,12282,89,89,89
17,11,138,12282,89,89,89
16,10,138,12282,89,89,89
17,12,138,12282,89,89,89
17,13,138,12282,89,89,89
16,11,138,12282,89,89,89
17,15,138,12282,89,89,89
34,10,138,12282,89,89,89
16,18,138,12282,89,89,89
36,12,138,12282,89,89,89
15,16,138,12282,89,89,89
33,9,138,12282,89,89,89
17,12,138,12282,89,89,89
16,9,138,12282,89,89,89
17,10,138,12282,89,89,89
16,11,138,12282,89,89,89
17,10,138,12282,89,89,89
17,11,138,12282,89,89,89
16,13,138,12282,89,89,89
17,18,138,12282,89,89,89
20,11,138,12486,90.47826086956522,89,91
13,17,138,12456,90.26086956521739,90,91
18,14,138,12420,90,90,90
16,18,138,12318,89.26086956521739,89,90
20,12,138,12282,89,89,89
13,18,138,12282,89,89,89
20,10,138,12282,89,89,89
14,11,138,12282,89,89,89
16,18,138,12282,89,89,89
19,11,138,12282,89,89,89
14,20,138,12282,89,89,89
21,11,138,12148,88.02898550724638,88,89
13,26,138,12144,88,88,88
27,26,138,12144,88,88,88
27,48,153,14824,96.88888888888889,88,98
49,18,153,14994,98,98,98
20,17,153,14845,97.02614379084967,97,98
19,16,153,14841,97,97,97
17,24,153,14841,97,97,97
27,15,153,14705,96.11111111111111,96,97
17,18,153,14688,96,96,96
19,27,164,17301,105.4939024390244,96,108
28,23,152,16416,108,108,108
24,15,147,14861,101.0952380952381,101,108
15,21,147,14704,100.02721088435374,100,101
22,19,147,14570,99.1156462585034,99,100
20,17,147,14400,97.95918367346938,96,99
18,22,147,15412,104.84353741496598,96,106
24,15,147,15582,106,106,106
16,21,142,14072,99.09859154929578,99,106
24,15,142,13782,97.05633802816901,97,99
19,23,142,13774,97,97,97
25,15,142,13774,97,97,97
18,21,142,13649,96.11971830985915,96,97
22,15,141,13119,93.04255319148936,93,96
17,27,151,15313,101.41059602649007,92,104
28,15,140,14560,104,104,104
16,18,140,14560,104,104,104
19,15,135,12978,96.13333333333334,96,104
17,21,135,12960,96,96,96
22,14,135,12960,96,96,96
15,18,135,12960,96,96,96
19,14,135,12960,96,96,96
15,25,135,12842,95.12592592592593,95,96
26,13,135,12694,94.02962962962962,94,95
14,12,135,12690,94,94,94
13,23,139,12915,92.9136690647482,92,94
24,14,142,13206,93,93,93
15,19,142,13206,93,93,93
20,14,128,10896,85.125,85,93
15,18,128,10880,85,85,85
19,13,128,10880,85,85,85
14,18,128,10880,85,85,85
20,14,128,10880,85,85,85
15,14,135,11331,83.93333333333334,79,85
15,19,125,9875,79,79,79
20,13,125,9875,79,79,79
15,14,125,9875,79,79,79
16,19,125,9964,79.712,79,80
20,12,125,10000,80,80,80
13,19,125,10000,80,80,80
20,12,125,10000,80,80,80
13,13,125,10000,80,80,80
13,18,125,10000,80,80,80
19,11,125,10000,80,80,80
12,22,130,11069,85.14615384615385,80,113
24,18,166,18758,113,113,113
19,25,166,18758,113,113,113
27,24,166,19012,114.53012048192771,113,115
25,18,166,18963,114.23493975903614,114,115
19,27,167,19427,116.32934131736526,114,118
29,27,175,22055,126.02857142857142,117,127
28,21,175,22225,127,127,127
22,24,175,22225,127,127,127
26,25,175,22054,126.02285714285715,126,127
26,27,175,21879,125.02285714285715,125,126
28,23,175,21875,125,125,125
24,23,175,21533,123.04571428571428,123,125
24,25,175,21525,123,123,123
26,28,175,21525,123,123,123
29,19,175,21367,122.09714285714286,122,123
20,20,158,18028,114.10126582278481,114,122
21,22,158,17855,113.00632911392405,113,114
24,21,158,17888,113.21518987341773,113,114
22,23,159,18126,114,114,114
24,16,159,18126,114,114,114
17,22,159,18126,114,114,114
23,25,159,18126,114,114,114
26,17,159,18126,114,114,114
18,18,159,18126,114,114,114
19,16,159,18126,114,114,114
17,21,159,18126,114,114,114
22,26,159,18126,114,114,114
27,16,159,18126,114,114,114
17,19,159,18126,114,114,114
20,22,159,18126,114,114,114
25,18,159,18126,114,114,114
19,20,159,18126,114,114,114
22,17,159,18126,114,114,114
18,22,159,18126,114,114,114
24,23,159,18126,114,114,114
24,16,159,18126,114,114,114
17,22,159,18126,114,114,114
23,23,159,18096,113.81132075471699,113,114
24,18,167,19038,114,114,114
19,34,179,21530,120.27932960893855,114,124
35,23,159,18444,116,116,116
25,16,154,16648,108.1038961038961,108,116
18,21,154,16632,108,108,108
22,16,154,16632,108,108,108
17,21,154,16632,108,108,108
23,23,154,16632,108,108,108
24,17,153,16071,105.03921568627452,105,108
19,22,153,15916,104.02614379084967,104,105
23,16,153,15912,104,104,104
18,21,153,15912,104,104,104
23,15,153,15912,104,104,104
18,25,153,15912,104,104,104
30,16,153,15912,104,104,104
18,20,153,15912,104,104,104
21,23,153,15912,104,104,104
25,16,153,15912,104,104,104
19,21,153,15912,104,104,104
22,16,153,15912,104,104,104
18,21,153,15912,104,104,104
23,20,153,15912,104,104,104
21,21,153,15912,104,104,104
23,20,153,15912,104,104,104
21,20,169,18928,112,103,113
21,28,169,19097,113,113,113
29,24,169,19097,113,113,113
26,17,169,18932,112.02366863905326,112,113
18,21,169,18928,112,112,112
22,26,169,18928,112,112,112
27,18,169,18928,112,112,112
19,27,185,22216,120.08648648648649,111,121
28,32,188,22187,118.01595744680851,88,121
33,30,138,12010,87.02898550724638,87,88
32,29,125,9891,79.128,79,87
31,30,125,9875,79,79,79
32,24,138,11975,86.77536231884058,78,88
25,17,138,12144,88,88,88
18,16,138,12144,88,88,88
18,13,138,12010,87.02898550724638,87,88
14,20,138,12006,87,87,87
21,11,125,9891,79.128,79,87
13,18,125,9875,79,79,79
20,14,125,9875,79,79,79
15,12,125,9875,79,79,79
13,21,138,11975,86.77536231884058,78,88
23,15,138,12144,88,88,88
17,18,138,12144,88,88,88
19,15,138,12010,87.02898550724638,87,88
16,19,138,12006,87,87,87
20,12,125,9891,79.128,79,87
15,13,125,9875,79,79,79
16,22,125,9875,79,79,79
23,12,125,9875,79,79,79
15,22,138,11975,86.77536231884058,78,88
23,16,138,12144,88,88,88
17,14,138,12144,88,88,88
15,21,138,12108,87.73913043478261,86,89
23,13,126,11092,88.03174603174604,88,89
15,16,113,9056,80.14159292035399,80,88
18,15,111,8768,78.990990990991,73,94
16,16,114,10716,94,94,94
17,17,114,10716,94,94,94
19,17,126,12809,101.65873015873017,93,103
17,18,126,12978,103,103,103
21,15,126,12869,102.13492063492063,102,103
16,10,107,7258,67.83177570093459,60,102
12,16,91,5286,58.08791208791209,58,60
18,9,91,5278,58,58,58
15,10,91,5278,58,58,58
17,9,86,4400,51.16279069767442,51,58
17,11,86,4386,51,51,51
17,8,86,4386,51,51,51
16,13,86,4386,51,51,51
17,9,86,4386,51,51,51
17,10,86,4386,51,51,51
16,10,96,5414,56.395833333333336,48,58
17,10,96,5476,57.041666666666664,57,58
16,10,96,5472,57,57,57
17,9,96,5472,57,57,57
17,8,96,5380,56.041666666666664,56,57
18,9,96,5376,56,56,56
15,9,96,5376,56,56,56
18,9,96,5376,56,56,56
15,10,96,5376,56,56,56
17,9,96,5296,55.166666666666664,55,56
17,10,96,5280,55,55,55
17,9,96,5280,55,55,55
17,10,96,5280,55,55,55
16,9,96,5280,55,55,55
17,9,96,5344,55.666666666666664,55,56
16,10,96,5376,56,56,56
17,10,85,4096,48.188235294117646,48,56
17,9,85,4080,48,48,48
16,9,85,4080,48,48,48
17,8,85,4080,48,48,48
17,8,85,4080,48,48,48
16,9,85,4080,48,48,48
17,9,85,4080,48,48,48
17,9,85,4080,48,48,48
16,8,85,4080,48,48,48
17,8,85,4080,48,48,48
16,10,85,4080,48,48,48
17,9,85,4080,48,48,48
17,8,85,4080,48,48,48
17,8,85,4080,48,48,48
16,9,85,4080,48,48,48
17,10,85,4080,48,48,48
19,10,85,4080,48,48,48
14,10,85,4080,48,48,48
17,11,96,5408,56.333333333333336,48,58
17,10,96,5568,58,58,58
18,9,96,5504,57.333333333333336,57,58
15,11,96,5525,57.552083333333336,56,59
22,6,86,4992,58.04651162790697,58,59
11,9,86,4988,58,58,58
17,9,86,4918,57.18604651162791,57,58
17,8,81,4064,50.17283950617284,50,57
16,9,81,4050,50,50,50
18,8,81,4050,50,50,50
16,9,81,4050,50,50,50
16,9,81,4050,50,50,50
17,9,81,4050,50,50,50
17,12,92,5360,58.26086956521739,50,60
18,9,92,5432,59.04347826086956,59,60
15,10,92,5309,57.70652173913044,57,59
17,15,98,5524,56.36734693877551,55,57
16,11,80,4324,54.05,54,55
17,13,80,4255,53.1875,53,54
18,9,75,3464,46.18666666666667,46,53
16,7,75,3450,46,46,46
16,9,75,3450,46,46,46
17,8,75,3450,46,46,46
17,8,75,3450,46,46,46
16,9,75,3450,46,46,46
18,9,74,3188,43.08108108108108,43,46
16,9,74,3182,43,43,43
16,10,74,3112,42.054054054054056,42,43
17,9,74,3194,43.16216216216216,42,44
17,8,74,3256,44,44,44
16,9,74,3213,43.41891891891892,43,44
17,8,74,3182,43,43,43
17,9,73,2884,39.50684931506849,38,43
17,8,72,2736,38,38,38
16,9,72,2736,38,38,38
17,8,72,2736,38,38,38
17,8,72,2736,38,38,38
16,7,72,2736,38,38,38
17,7,72,2736,38,38,38
17,7,72,2668,37.05555555555556,37,38
16,8,72,2664,37,37,37
17,8,72,2664,37,37,37
17,8,72,2664,37,37,37
16,7,72,2664,37,37,37
33,6,72,2664,37,37,37
17,8,72,2664,37,37,37
17,6,72,2596,36.05555555555556,36,37
17,5,72,2592,36,36,36
16,6,72,2592,36,36,36
17,6,72,2592,36,36,36
17,6,72,2634,36.583333333333336,36,37
16,7,72,2664,37,37,37
17,6,72,2664,37,37,37
16,6,72,2664,37,37,37
17,7,72,2664,37,37,37
17,6,72,2664,37,37,37
16,6,72,2664,37,37,37
17,9,72,2664,37,37,37
17,5,72,2664,37,37,37
16,6,72,2664,37,37,37
17,7,72,2664,37,37,37
17,6,72,2664,37,37,37
16,7,72,2748,38.166666666666664,37,39
18,9,72,2766,38.416666666666664,38,39
16,7,72,2694,37.416666666666664,37,38
17,5,72,2664,37,37,37
16,7,72,2664,37,37,37
17,6,72,2664,37,37,37
17,5,72,2664,37,37,37
16,8,72,2664,37,37,37
17,5,72,2664,37,37,37
16,6,72,2664,37,37,37
19,5,72,2664,37,37,37
15,6,72,2596,36.05555555555556,36,37
16,7,72,2592,36,36,36
17,7,72,2592,36,36,36
17,6,72,2592,36,36,36
17,5,72,2592,36,36,36
16,6,72,2592,36,36,36
18,6,72,2592,36,36,36
15,6,72,2592,36,36,36
17,8,72,2592,36,36,36
17,6,72,2592,36,36,36
16,7,72,2592,36,36,36
17,6,72,2592,36,36,36
17,7,72,2592,36,36,36
17,6,72,2592,36,36,36
17,6,72,2592,36,36,36
16,6,72,2592,36,36,36
18,6,72,2592,36,36,36
16,6,72,2592,36,36,36
16,6,72,2592,36,36,36
17,5,72,2592,36,36,36
16,7,72,2592,36,36,36
17,6,72,2592,36,36,36
18,5,72,2592,36,36,36
15,7,72,2592,36,36,36
17,5,72,2592,36,36,36
17,6,72,2592,36,36,36
16,6,72,2592,36,36,36
17,6,72,2592,36,36,36
17,6,72,2592,36,36,36
17,5,72,2592,36,36,36
16,6,72,2592,36,36,36
18,5,72,2592,36,36,36
15,6,72,2592,36,36,36
17,6,72,2592,36,36,36
17,6,72,2592,36,36,36
17,5,72,2592,36,36,36
16,6,72,2592,36,36,36
18,5,72,2592,36,36,36
17,5,72,2592,36,36,36
15,7,72,2592,36,36,36
17,6,72,2592,36,36,36
17,5,72,2592,36,36,36
16,6,72,2592,36,36,36
18,5,72,2592,36,36,36
16,7,72,2592,36,36,36
17,5,72,2592,36,36,36
16,7,72,2592,36,36,36
17,5,72,2592,36,36,36
17,5,72,2592,36,36,36
16,6,72,2592,36,36,36
16,7,72,2634,36.583333333333336,36,37
17,6,72,2664,37,37,37
17,6,72,2664,37,37,37
17,6,72,2664,37,37,37
17,6,72,2664,37,37,37
17,5,72,2664,37,37,37
16,6,72,2664,37,37,37
16,6,72,2664,37,37,37
17,7,72,2664,37,37,37
17,6,72,2664,37,37,37
17,6,72,2664,37,37,37
17,6,72,2664,37,37,37
16,6,72,2664,37,37,37
16,6,72,2664,37,37,37
17,6,72,2664,37,37,37
17,5,72,2664,37,37,37
16,5,72,2664,37,37,37
17,6,72,2664,37,37,37
17,5,72,2664,37,37,37
16,10,72,2664,37,37,37
17,8,72,2664,37,37,37
17,6,72,2664,37,37,37
17,6,72,2664,37,37,37
17,7,77,3386,43.97402597402598,37,70
16,10,113,7910,70,70,70
16,9,113,7910,70,70,70
17,10,113,7910,70,70,70
17,11,113,7910,70,70,70
17,9,113,7910,70,70,70
16,9,113,7910,70,70,70
17,9,113,7910,70,70,70
17,9,113,7910,70,70,70
16,9,113,7910,70,70,70
17,9,113,7910,70,70,70
17,10,113,7910,70,70,70
16,10,113,7910,70,70,70
17,10,113,7910,70,70,70
17,10,113,7910,70,70,70
16,10,113,7910,70,70,70
17,10,113,7910,70,70,70
17,9,113,7910,70,70,70
16,9,113,7910,70,70,70
17,11,113,7910,70,70,70
16,10,113,7910,70,70,70
17,10,113,7910,70,70,70
17,10,113,7910,70,70,70
17,10,113,7910,70,70,70
16,9,113,7910,70,70,70
17,9,113,7910,70,70,70
17,9,113,7910,70,70,70
17,14,113,7910,70,70,70
16,10,113,7910,70,70,70
17,9,113,7910,70,70,70
16,16,113,7910,70,70,70
36,9,113,7910,70,70,70
14,10,113,7910,70,70,70
17,15,113,7910,70,70,70
16,12,113,7910,70,70,70
18,8,113,7910,70,70,70
16,10,113,7910,70,70,70
17,11,113,7910,70,70,70
17,11,113,7910,70,70,70
16,11,113,7910,70,70,70
17,11,113,7910,70,70,70
17,11,113,7910,70,70,70
17,11,113,7910,70,70,70
17,11,113,7910,70,70,70
16,12,113,7910,70,70,70
41,13,113,7910,70,70,70
26,11,113,7910,70,70,70
16,16,113,7910,70,70,70
17,15,111,7116,64.10810810810811,64,70
18,9,111,7104,64,64,64
16,24,111,7104,64,64,64
25,13,111,7104,64,64,64
14,20,111,7104,64,64,64
21,13,111,7104,64,64,64
15,12,111,7104,64,64,64
13,9,111,7104,64,64,64
11,15,111,7104,64,64,64
18,13,111,7104,64,64,64
15,14,111,7104,64,64,64
17,17,111,7104,64,64,64
18,13,111,7104,64,64,64
16,10,111,7104,64,64,64
16,10,111,7104,64,64,64
17,17,111,7104,64,64,64
22,9,111,7104,64,64,64
11,13,111,7104,64,64,64
17,16,111,7262,65.42342342342343,64,66
17,11,111,7247,65.28828828828829,65,66
16,12,111,7136,64.28828828828829,64,65
17,11,111,7104,64,64,64
16,11,111,7104,64,64,64
18,10,111,7104,64,64,64
16,11,111,7104,64,64,64
17,11,111,7104,64,64,64
16,11,111,7104,64,64,64
18,10,111,7104,64,64,64
16,10,111,7104,64,64,64
16,11,111,6997,63.03603603603604,63,64
17,10,111,6993,63,63,63
17,11,111,6993,63,63,63
17,10,111,6993,63,63,63
16,11,111,6993,63,63,63
17,11,111,6993,63,63,63
17,10,111,6993,63,63,63
16,11,111,6993,63,63,63
17,10,111,6993,63,63,63
16,11,111,6993,63,63,63
17,10,111,6993,63,63,63
17,11,111,6993,63,63,63
16,11,111,6993,63,63,63
17,11,111,6993,63,63,63
17,11,111,6993,63,63,63
16,12,111,6993,63,63,63
17,10,111,6993,63,63,63
17,11,111,6993,63,63,63
16,14,124,8902,71.79032258064517,63,73
17,12,124,9052,73,73,73
17,15,124,9052,73,73,73
17,12,124,9052,73,73,73
16,12,124,8962,72.2741935483871,72,73
17,12,125,9125,73,73,73
16,13,125,9015,72.12,72,73
17,13,125,9000,72,72,72
17,12,125,9000,72,72,72
17,12,125,9000,72,72,72
16,13,125,9000,72,72,72
17,14,125,9000,72,72,72
16,15,138,11109,80.5,72,82
17,20,130,10530,81,81,81
22,10,130,10530,81,81,81
12,12,125,9264,74.112,74,81
16,18,125,9129,73.032,73,74
20,11,125,9015,72.12,72,73
13,13,125,9000,72,72,72
17,17,125,9000,72,72,72
20,11,125,9000,72,72,72
13,13,125,9000,72,72,72
18,25,138,11166,80.91304347826087,72,82
29,14,138,11316,82,82,82
15,20,138,11316,82,82,82
21,17,134,10943,81.66417910447761,80,83
18,16,111,8341,75.14414414414415,75,83
21,9,111,8229,74.13513513513513,74,75
12,11,106,7116,67.13207547169812,67,74
16,12,106,7102,67,67,67
18,16,106,7102,67,67,67
18,13,119,9013,75.73949579831933,67,77
14,13,119,9163,77,77,77
18,17,119,9163,77,77,77
20,10,119,9163,77,77,77
13,14,119,9135,76.76470588235294,76,77
16,17,119,8944,75.15966386554622,75,77
19,13,123,9054,73.60975609756098,73,75
14,15,125,9125,73,73,73
17,23,138,11304,81.91304347826087,73,83
24,15,133,10679,80.29323308270676,75,83
16,18,116,8700,75,75,75
19,9,116,8588,74.03448275862068,74,75
10,11,116,8584,74,74,74
15,18,111,7451,67.12612612612612,67,74
20,10,111,7437,67,67,67
15,10,111,7437,67,67,67
15,12,111,7341,66.13513513513513,66,67
17,11,111,7326,66,66,66
16,11,111,7326,66,66,66
17,10,110,6936,63.054545454545455,63,66
16,11,110,6824,62.03636363636364,62,63
17,11,110,6820,62,62,62
17,11,110,6820,62,62,62
16,11,110,6820,62,62,62
17,10,98,5308,54.16326530612245,54,62
17,9,98,5292,54,54,54
16,11,98,5320,54.285714285714285,54,55
17,10,99,5445,55,55,55
17,10,99,5445,55,55,55
16,10,99,5445,55,55,55
17,10,99,5445,55,55,55
17,10,99,5445,55,55,55
16,10,99,5445,55,55,55
17,10,99,5445,55,55,55
17,10,99,5445,55,55,55
16,11,99,5445,55,55,55
17,9,99,5445,55,55,55
17,10,99,5445,55,55,55
17,9,99,5445,55,55,55
16,10,99,5445,55,55,55
17,10,99,5445,55,55,55
17,9,99,5445,55,55,55
16,10,99,5445,55,55,55
17,10,99,5445,55,55,55
17,9,99,5445,55,55,55
16,12,99,5445,55,55,55
17,13,111,7065,63.648648648648646,55,65
17,11,111,7135,64.27927927927928,64,65
16,11,111,7104,64,64,64
17,12,111,7104,64,64,64
17,12,107,6816,63.700934579439256,62,65
16,13,98,6287,64.15306122448979,64,65
17,12,98,6272,64,64,64
17,10,98,6272,64,64,64
17,16,93,5315,57.1505376344086,57,64
18,9,93,5301,57,57,57
15,9,93,5301,57,57,57
16,10,93,5301,57,57,57
17,12,93,5301,57,57,57
17,10,93,5301,57,57,57
17,11,105,6885,65.57142857142857,57,67
16,11,105,6934,66.03809523809524,66,67
18,11,109,7044,64.62385321100918,64,66
15,11,111,7104,64,64,64
17,12,111,6997,63.03603603603604,63,64
18,10,111,6993,63,63,63
15,11,111,6993,63,63,63
17,12,112,7287,65.0625,62,66
17,12,108,7128,66,66,66
17,11,108,7128,66,66,66
17,12,108,7128,66,66,66
16,11,108,7128,66,66,66
16,11,108,7128,66,66,66
17,11,108,7128,66,66,66
17,10,108,7128,66,66,66
16,11,108,7128,66,66,66
17,10,96,5584,58.166666666666664,58,66
17,9,96,5568,58,58,58
17,9,96,5384,56.083333333333336,56,58
16,10,96,5376,56,56,56
17,9,96,5376,56,56,56
17,11,96,5376,56,56,56
16,13,96,5376,56,56,56
18,9,96,5376,56,56,56
17,9,96,5376,56,56,56
16,9,96,5281,55.010416666666664,55,56
16,9,96,5280,55,55,55
17,9,96,5280,55,55,55
16,11,96,5280,55,55,55
17,9,96,5280,55,55,55
17,10,96,5280,55,55,55
16,9,96,5280,55,55,55
17,9,96,5280,55,55,55
17,9,96,5280,55,55,55
16,12,96,5280,55,55,55
17,9,96,5280,55,55,55
17,10,96,5280,55,55,55
16,10,96,5280,55,55,55
19,9,96,5280,55,55,55
15,10,96,5280,55,55,55
16,13,96,5280,55,55,55
17,10,96,5348,55.708333333333336,55,56
17,10,96,5376,56,56,56
16,10,96,5376,56,56,56
18,11,96,5376,56,56,56
16,9,96,5376,56,56,56
16,13,96,5376,56,56,56
18,10,96,5376,56,56,56
16,12,108,6978,64.61111111111111,56,66
17,11,108,7128,66,66,66
16,11,108,7128,66,66,66
17,13,108,7128,66,66,66
16,14,108,6917,64.04629629629629,64,66
17,15,112,7496,66.92857142857143,64,68
17,22,108,7344,68,68,68
23,9,108,7264,67.25925925925925,67,68
11,10,108,7236,67,67,67
17,21,108,7236,67,67,67
23,10,108,7143,66.13888888888889,66,67
13,10,108,7128,66,66,66
13,12,108,7128,66,66,66
17,18,108,7128,66,66,66
22,10,108,7128,66,66,66
12,12,96,5584,58.166666666666664,58,66
16,13,96,5384,56.083333333333336,56,58
17,18,96,5376,56,56,56
20,9,96,5376,56,56,56
13,9,96,5376,56,56,56
16,10,98,5449,55.60204081632653,53,56
17,22,99,5817,58.75757575757576,53,86
24,17,132,11352,86,86,86
18,26,132,11221,85.00757575757575,85,86
29,36,135,12189,90.28888888888889,85,106
37,32,135,14310,106,106,106
34,16,135,14310,106,106,106
17,18,135,14310,106,106,106
20,14,119,8870,74.53781512605042,74,106
16,13,119,8806,74,74,74
14,20,119,8806,74,74,74
21,13,119,8806,74,74,74
14,12,119,8806,74,74,74
13,15,119,8806,74,74,74
16,11,119,8806,74,74,74
13,12,119,8806,74,74,74
14,17,119,8806,74,74,74
19,13,119,8806,74,74,74
14,14,119,8806,74,74,74
17,15,119,8806,74,74,74
17,13,119,8806,74,74,74
17,13,119,8806,74,74,74
16,12,119,8806,74,74,74
17,13,119,8806,74,74,74
17,14,119,8806,74,74,74
16,13,119,8806,74,74,74
17,11,119,8806,74,74,74
17,11,119,8688,73.00840336134453,73,74
16,13,124,9143,73.73387096774194,73,74
17,14,124,9176,74,74,74
16,14,124,9176,74,74,74
18,12,124,9176,74,74,74
16,12,124,9176,74,74,74
17,12,124,9206,74.24193548387096,74,75
16,12,125,9375,75,75,75
17,13,125,9375,75,75,75
17,12,125,9375,75,75,75
16,13,125,9375,75,75,75
17,12,125,9375,75,75,75
16,13,125,9375,75,75,75
18,12,125,9375,75,75,75
16,12,125,9375,75,75,75
17,12,125,9375,75,75,75
16,15,125,9375,75,75,75
17,15,125,9375,75,75,75
17,18,125,9375,75,75,75
22,11,125,9375,75,75,75
12,14,125,9375,75,75,75
16,19,125,9375,75,75,75
21,10,125,9375,75,75,75
12,14,125,9375,75,75,75
17,22,139,11665,83.92086330935251,75,85
23,13,139,11815,85,85,85
15,20,139,11815,85,85,85
21,14,139,11680,84.02877697841727,84,85
15,18,139,11570,83.23741007194245,83,84
20,13,139,11537,83,83,83
15,15,139,11413,82.10791366906474,82,83
16,19,135,11165,82.70370370370371,81,84
20,13,124,10416,84,84,84
15,19,138,12822,92.91304347826087,84,94
20,14,133,11585,87.10526315789474,87,94
15,17,133,11571,87,87,87
18,14,133,11571,87,87,87
15,13,133,11324,85.14285714285714,85,87
14,19,133,11305,85,85,85
20,16,133,11091,83.39097744360902,81,85
17,18,119,9639,81,81,81
19,12,119,9524,80.03361344537815,80,81
13,14,119,9520,80,80,80
15,15,114,8336,73.12280701754386,73,80
17,12,114,8322,73,73,73
13,10,114,8322,73,73,73
12,15,114,8322,73,73,73
16,12,114,8322,73,73,73
16,12,114,8322,73,73,73
17,14,126,9936,78.85714285714286,70,80
16,13,126,9958,79.03174603174604,79,80
17,17,126,9954,79,79,79
18,13,126,9954,79,79,79
15,13,126,9832,78.03174603174604,78,79
17,16,126,9828,78,78,78
17,14,126,9828,78,78,78
16,13,126,9828,78,78,78
18,16,126,9717,77.11904761904762,77,78
18,12,126,9702,77,77,77
14,16,126,9702,77,77,77
18,12,126,9702,77,77,77
19,11,126,9795,77.73809523809524,77,78
14,14,126,9828,78,78,78
16,14,126,9828,78,78,78
17,16,126,9828,78,78,78
17,13,113,7926,70.14159292035399,70,78
17,11,113,7910,70,70,70
16,12,112,7385,65.9375,65,70
17,10,111,7215,65,65,65
16,12,111,7215,65,65,65
17,11,111,7215,65,65,65
17,11,111,7215,65,65,65
16,11,111,7108,64.03603603603604,64,65
17,12,111,7104,64,64,64
16,14,124,9026,72.79032258064517,64,74
18,13,124,9176,74,74,74
16,16,124,9176,74,74,74
19,22,124,9067,73.12096774193549,73,74
23,18,124,8932,72.03225806451613,72,73
19,12,124,8928,72,72,72
13,17,124,8928,72,72,72
18,12,124,8928,72,72,72
14,9,124,8808,71.03225806451613,71,72
10,18,124,8804,71,71,71
20,12,124,8804,71,71,71
14,12,124,8804,71,71,71
17,16,124,8804,71,71,71
17,13,124,8804,71,71,71
16,12,124,8804,71,71,71
16,17,124,8804,71,71,71
18,11,111,7009,63.14414414414414,63,71
16,11,111,6993,63,63,63
16,12,111,6993,63,63,63
17,11,111,6993,63,63,63
17,11,111,6993,63,63,63
17,10,111,6993,63,63,63
16,11,111,6993,63,63,63
17,11,111,6993,63,63,63
17,10,111,6993,63,63,63
16,13,111,7072,63.711711711711715,63,64
17,12,111,7104,64,64,64
17,11,111,7104,64,64,64
17,11,111,7104,64,64,64
16,12,111,7104,64,64,64
17,11,111,7104,64,64,64
16,14,111,7104,64,64,64
17,13,111,7104,64,64,64
17,11,111,7104,64,64,64
16,11,111,7104,64,64,64
17,12,111,7104,64,64,64
17,11,111,7104,64,64,64
16,14,111,7104,64,64,64
17,12,111,7104,64,64,64
17,12,111,7104,64,64,64
16,20,111,7104,64,64,64
22,9,111,7104,64,64,64
12,12,111,7104,64,64,64
16,13,111,7104,64,64,64
17,16,111,7104,64,64,64
18,11,111,7104,64,64,64
16,11,111,7104,64,64,64
16,16,111,7104,64,64,64
17,12,111,7104,64,64,64
16,15,111,7104,64,64,64
17,15,111,7104,64,64,64
17,11,111,7104,64,64,64
17,16,111,7104,64,64,64
18,10,111,7104,64,64,64
15,11,111,7104,64,64,64
17,12,111,7104,64,64,64
16,12,111,7104,64,64,64
17,11,111,7104,64,64,64
17,10,111,7104,64,64,64
16,13,111,7104,64,64,64
17,11,111,7104,64,64,64
16,12,111,7104,64,64,64
19,12,111,7104,64,64,64
15,11,111,7104,64,64,64
17,11,111,7104,64,64,64
17,11,111,7104,64,64,64
16,11,111,7104,64,64,64
16,12,111,7104,64,64,64
17,11,111,7104,64,64,64
17,11,111,7104,64,64,64
17,11,111,7133,64.26126126126127,64,65
16,12,112,7280,65,65,65
17,11,112,7280,65,65,65
17,14,112,7280,65,65,65
16,12,112,7280,65,65,65
17,11,112,7280,65,65,65
17,16,112,7280,65,65,65
18,11,112,7280,65,65,65
15,11,112,7280,65,65,65
17,11,112,7280,65,65,65
17,15,112,7280,65,65,65
17,12,112,7280,65,65,65
16,12,112,7280,65,65,65
16,17,112,7280,65,65,65
18,12,112,7280,65,65,65
16,11,112,7280,65,65,65
17,15,112,7280,65,65,65
17,11,112,7280,65,65,65
16,13,112,7280,65,65,65
17,12,112,7280,65,65,65
17,11,112,7280,65,65,65
16,12,112,7280,65,65,65
17,12,112,7280,65,65,65
17,14,125,9132,73.056,65,75
16,14,125,9250,74,74,74
44,18,125,9129,73.032,73,74
19,13,125,9015,72.12,72,73
15,12,121,8795,72.68595041322314,71,74
14,23,111,8214,74,74,74
24,14,111,8214,74,74,74
16,12,119,9027,75.85714285714286,67,77
13,15,119,9163,77,77,77
16,13,119,9163,77,77,77
14,11,119,9163,77,77,77
13,16,119,9048,76.03361344537815,76,77
18,11,119,9044,76,76,76
12,12,119,8940,75.12605042016807,75,76
15,17,118,8412,71.28813559322033,65,75
19,15,116,8438,72.74137931034483,64,74
16,17,116,8584,74,74,74
20,22,111,7451,67.12612612612612,67,74
24,17,111,7330,66.03603603603604,66,67
18,17,111,7326,66,66,66
19,24,111,7230,65.13513513513513,65,66
25,17,111,7295,65.72072072072072,65,66
18,15,110,6936,63.054545454545455,63,66
17,20,110,6824,62.03636363636364,62,63
22,15,110,6820,62,62,62
16,17,110,6820,62,62,62
19,18,110,6820,62,62,62
21,19,110,6820,62,62,62
21,13,98,5308,54.16326530612245,54,62
17,15,98,5292,54,54,54
19,14,98,5292,54,54,54
15,20,98,5292,54,54,54
21,10,98,5292,54,54,54
12,7,98,5292,54,54,54
9,9,98,5292,54,54,54
16,11,98,5292,54,54,54
17,9,98,5292,54,54,54
16,11,98,5292,54,54,54
18,9,98,5292,54,54,54
16,10,98,5292,54,54,54
16,10,98,5292,54,54,54
17,11,98,5320,54.285714285714285,54,55
17,10,99,5445,55,55,55
16,11,99,5445,55,55,55
18,9,99,5445,55,55,55
16,9,99,5445,55,55,55
16,10,99,5445,55,55,55
17,10,99,5445,55,55,55
16,10,99,5445,55,55,55
17,10,99,5445,55,55,55
18,10,99,5445,55,55,55
16,10,99,5445,55,55,55
16,11,99,5445,55,55,55
17,12,99,5445,55,55,55
17,12,99,5445,55,55,55
16,14,111,7065,63.648648648648646,55,65
18,12,111,7135,64.27927927927928,64,65
16,13,111,7104,64,64,64
16,12,111,7104,64,64,64
17,11,111,6997,63.03603603603604,63,64
17,10,111,6897,62.13513513513514,62,63
17,11,111,6882,62,62,62
16,12,111,6882,62,62,62
17,11,107,6705,62.66355140186916,61,64
16,12,98,6272,64,64,64
17,13,110,7990,72.63636363636364,64,74
17,12,110,8140,74,74,74
16,13,105,7049,67.13333333333334,67,74
18,11,105,7035,67,67,67
16,11,105,6844,65.18095238095238,65,67
17,10,105,6825,65,65,65
17,11,104,6394,61.48076923076923,55,65
16,9,91,5005,55,55,55
17,14,91,5005,55,55,55
16,12,91,4918,54.043956043956044,54,55
17,8,86,4056,47.16279069767442,47,54
16,9,86,4042,47,47,47
18,10,86,4042,47,47,47
16,9,86,4042,47,47,47
18,8,86,4042,47,47,47
15,10,86,4042,47,47,47
17,9,85,3746,44.07058823529412,44,47
17,8,85,3659,43.04705882352941,43,44
17,8,85,3655,43,43,43
16,8,85,3655,43,43,43
16,10,85,3710,43.64705882352941,43,44
17,10,85,3740,44,44,44
17,9,85,3740,44,44,44
17,9,85,3740,44,44,44
18,9,85,3740,44,44,44
15,9,85,3740,44,44,44
17,9,85,3740,44,44,44
16,9,85,3740,44,44,44
17,9,85,3740,44,44,44
17,9,85,3740,44,44,44
16,9,85,3740,44,44,44
17,9,85,3659,43.04705882352941,43,44
17,9,85,3655,43,43,43
16,10,85,3655,43,43,43
17,8,85,3655,43,43,43
17,8,85,3655,43,43,43
16,10,85,3655,43,43,43
17,9,85,3655,43,43,43
17,9,85,3655,43,43,43
16,10,85,3655,43,43,43
17,9,85,3655,43,43,43
16,9,85,3655,43,43,43
17,10,85,3655,43,43,43
17,9,85,3655,43,43,43
17,8,85,3655,43,43,43
17,9,85,3655,43,43,43
16,9,85,3655,43,43,43
17,9,85,3655,43,43,43
17,9,85,3655,43,43,43
16,8,85,3655,43,43,43
17,8,85,3655,43,43,43
18,9,85,3655,43,43,43
16,9,85,3655,43,43,43
16,9,85,3655,43,43,43
17,8,85,3655,43,43,43
16,10,85,3655,43,43,43
17,9,85,3655,43,43,43
16,12,85,3655,43,43,43
17,9,85,3655,43,43,43
17,8,85,3655,43,43,43
17,8,85,3655,43,43,43
17,9,85,3655,43,43,43
16,9,85,3655,43,43,43
17,10,85,3655,43,43,43
16,9,85,3655,43,43,43
17,10,85,3655,43,43,43
17,8,85,3655,43,43,43
17,11,85,3655,43,43,43
16,8,85,3655,43,43,43
17,11,85,3655,43,43,43
33,8,85,3655,43,43,43
17,6,85,3655,43,43,43
16,8,85,3655,43,43,43
17,7,86,3662,42.58139534883721,40,43
16,12,88,4057,46.10227272727273,40,73
17,11,124,9052,73,73,73
17,11,124,9052,73,73,73
17,10,124,9052,73,73,73
16,12,124,9052,73,73,73
18,15,124,9052,73,73,73
33,11,124,9052,73,73,73
33,13,124,9052,73,73,73
17,15,124,9143,73.73387096774194,73,74
17,19,124,9176,74,74,74
22,19,124,9176,74,74,74
23,13,124,9176,74,74,74
15,19,124,9176,74,74,74
20,11,124,9176,74,74,74
13,13,124,9176,74,74,74
14,17,124,9176,74,74,74
20,12,124,9176,74,74,74
13,13,124,9176,74,74,74
14,19,124,9176,74,74,74
20,12,124,9176,74,74,74
14,10,124,9176,74,74,74
13,18,124,9176,74,74,74
20,14,124,9176,74,74,74
16,10,124,9176,74,74,74
12,18,124,9176,74,74,74
20,12,124,9176,74,74,74
13,22,124,9176,74,74,74
23,10,124,9206,74.24193548387096,74,75
12,15,125,9375,75,75,75
17,19,125,9375,75,75,75
20,13,125,9375,75,75,75
16,11,125,9375,75,75,75
12,18,125,9375,75,75,75
21,11,125,9375,75,75,75
13,15,125,9375,75,75,75
16,19,125,9375,75,75,75
22,11,125,9375,75,75,75
12,13,125,9375,75,75,75
17,17,125,9375,75,75,75
20,12,125,9375,75,75,75
13,22,125,9375,75,75,75
23,11,125,9375,75,75,75
12,12,125,9375,75,75,75
15,17,125,9375,75,75,75
20,11,125,9375,75,75,75
13,14,125,9375,75,75,75
17,23,139,11559,83.15827338129496,75,85
24,15,139,11676,84,84,84
16,19,139,11676,84,84,84
20,14,139,11541,83.02877697841727,83,84
17,18,139,11537,83,83,83
20,13,139,11413,82.10791366906474,82,83
15,17,135,11165,82.70370370370371,81,84
18,18,124,10416,84,84,84
19,13,124,10416,84,84,84
14,14,119,9177,77.11764705882354,77,84
15,11,119,9163,77,77,77
12,10,119,9163,77,77,77
12,19,119,9163,77,77,77
20,11,119,9163,77,77,77
12,13,119,9163,77,77,77
16,18,119,9163,77,77,77
21,13,133,11421,85.87218045112782,77,87
16,13,133,11442,86.03007518796993,86,87
15,22,133,11438,86,86,86
23,14,137,11590,84.5985401459854,84,86
15,19,135,11097,82.2,81,84
21,12,119,9639,81,81,81
13,11,119,9535,80.12605042016807,80,81
13,15,119,9520,80,80,80
19,14,114,8336,73.12280701754386,73,80
19,8,114,8322,73,73,73
9,19,114,8322,73,73,73
22,11,114,8322,73,73,73
13,11,114,8322,73,73,73
15,16,114,8322,73,73,73
17,12,113,7916,70.05309734513274,70,73
21,9,113,7801,69.03539823008849,69,70
16,8,113,7797,69,69,69
12,11,113,7797,69,69,69
17,11,113,7797,69,69,69
17,13,113,7797,69,69,69
17,12,113,7797,69,69,69
20,10,113,7797,69,69,69
24,12,113,7797,69,69,69
13,13,113,7877,69.70796460176992,69,70
15,17,113,7910,70,70,70
18,37,113,7910,70,70,70
39,15,113,7910,70,70,70
16,12,112,7385,65.9375,65,70
14,16,111,7215,65,65,65
17,10,111,7215,65,65,65
12,9,111,7215,65,65,65
12,11,111,7215,65,65,65
19,13,111,7215,65,65,65
17,10,111,7108,64.03603603603604,64,65
13,11,111,7104,64,64,64
17,16,111,7104,64,64,64
18,11,111,7104,64,64,64
15,12,111,7104,64,64,64
20,11,111,7104,64,64,64
14,12,111,7104,64,64,64
16,11,111,7104,64,64,64
17,12,111,7104,64,64,64
17,11,111,7104,64,64,64
17,10,111,6997,63.03603603603604,63,64
16,12,111,6993,63,63,63
17,12,111,6993,63,63,63
17,10,111,6993,63,63,63
16,11,111,6993,63,63,63
17,11,111,6993,63,63,63
17,11,111,6993,63,63,63
16,12,111,6993,63,63,63
17,11,111,6993,63,63,63
17,11,111,6993,63,63,63
16,11,111,6993,63,63,63
18,11,111,6993,63,63,63
15,14,111,6993,63,63,63
17,12,111,6993,63,63,63
17,11,111,6993,63,63,63
17,12,111,7072,63.711711711711715,63,64
16,11,111,7104,64,64,64
18,10,111,7104,64,64,64
16,11,111,7104,64,64,64
17,14,111,7104,64,64,64
16,11,111,7104,64,64,64
17,11,111,7104,64,64,64
16,12,111,7104,64,64,64
17,11,111,7104,64,64,64
17,11,111,7104,64,64,64
17,13,111,7104,64,64,64
16,12,111,7104,64,64,64
17,11,111,7104,64,64,64
17,13,111,7104,64,64,64
16,12,111,7104,64,64,64
17,11,111,7104,64,64,64
17,12,111,7104,64,64,64
16,11,111,7104,64,64,64
17,12,111,7104,64,64,64
17,10,111,7104,64,64,64
16,12,111,7104,64,64,64
17,11,111,7104,64,64,64
17,12,111,7104,64,64,64
16,11,111,7104,64,64,64
17,12,111,7104,64,64,64
17,10,111,7104,64,64,64
16,13,111,7104,64,64,64
17,11,111,7104,64,64,64
17,13,111,7104,64,64,64
16,12,111,7104,64,64,64
17,13,111,7104,64,64,64
17,11,111,7104,64,64,64
16,12,111,7104,64,64,64
17,11,111,7104,64,64,64
16,13,111,7104,64,64,64
17,13,111,7104,64,64,64
17,11,111,7104,64,64,64
17,12,111,7104,64,64,64
16,12,111,7104,64,64,64
17,11,111,7104,64,64,64
17,12,111,7104,64,64,64
16,12,111,7104,64,64,64
17,12,111,7104,64,64,64
17,11,111,7104,64,64,64
16,13,111,7104,64,64,64
17,11,111,7104,64,64,64
17,12,111,7104,64,64,64
16,11,111,7133,64.26126126126127,64,65
17,12,112,7280,65,65,65
17,11,112,7280,65,65,65
17,12,112,7280,65,65,65
16,11,112,7280,65,65,65
17,13,112,7280,65,65,65
16,11,112,7280,65,65,65
17,12,112,7280,65,65,65
17,11,112,7280,65,65,65
17,11,112,7280,65,65,65
16,12,112,7280,65,65,65
17,12,112,7280,65,65,65
16,12,112,7280,65,65,65
17,12,112,7280,65,65,65
17,11,112,7280,65,65,65
17,11,112,7280,65,65,65
16,11,112,7280,65,65,65
17,12,112,7280,65,65,65
16,12,112,7280,65,65,65
17,12,112,7280,65,65,65
17,12,112,7280,65,65,65
17,13,125,9132,73.056,65,75
16,13,125,9250,74,74,74
17,23,125,9250,74,74,74
25,10,125,9129,73.032,73,74
12,11,125,9125,73,73,73
13,20,125,9015,72.12,72,73
21,11,125,9000,72,72,72
12,14,121,8795,72.68595041322314,71,74
17,20,111,8214,74,74,74
21,9,111,8214,74,74,74
12,12,111,8214,74,74,74
17,15,106,7116,67.13207547169812,67,74
17,11,106,7102,67,67,67
17,11,106,7102,67,67,67
16,14,119,9013,75.73949579831933,67,77
18,12,119,9163,77,77,77
16,12,119,9163,77,77,77
16,12,119,9163,77,77,77
17,12,119,8933,75.0672268907563,75,77
16,14,123,8946,72.73170731707317,72,75
17,14,120,8288,69.06666666666666,64,72
17,11,104,6656,64,64,64
16,11,104,6656,64,64,64
17,10,104,6656,64,64,64
17,12,99,5657,57.14141414141414,57,64
17,9,99,5643,57,57,57
16,12,99,5643,57,57,57
17,10,99,5643,57,57,57
17,11,99,5643,57,57,57
16,11,99,5643,57,57,57
18,12,98,5298,54.06122448979592,54,57
16,9,98,5198,53.04081632653061,53,54
16,9,98,5194,53,53,53
17,9,98,5194,53,53,53
16,10,98,5194,53,53,53
17,10,98,5261,53.683673469387756,53,54
17,10,98,5292,54,54,54
17,9,98,5292,54,54,54
17,10,98,5292,54,54,54
16,10,98,5292,54,54,54
17,10,98,5292,54,54,54
17,9,98,5292,54,54,54
16,10,98,5292,54,54,54
17,9,98,5292,54,54,54
16,10,98,5292,54,54,54
17,10,98,5292,54,54,54
18,8,98,5198,53.04081632653061,53,54
15,10,98,5194,53,53,53
17,10,98,5194,53,53,53
17,9,98,5194,53,53,53
16,9,98,5194,53,53,53
17,9,98,5194,53,53,53
17,9,98,5194,53,53,53
17,9,98,5194,53,53,53
16,9,98,5194,53,53,53
17,9,98,5194,53,53,53
16,10,98,5194,53,53,53
17,10,98,5194,53,53,53
17,10,98,5194,53,53,53
16,10,98,5194,53,53,53
18,10,98,5194,53,53,53
16,9,98,5194,53,53,53
21,8,98,5194,53,53,53
12,10,98,5194,53,53,53
17,12,98,5194,53,53,53
16,10,98,5194,53,53,53
17,10,98,5194,53,53,53
17,9,98,5194,53,53,53
17,11,98,5194,53,53,53
16,10,98,5194,53,53,53
17,10,98,5222,53.285714285714285,53,54
16,10,99,5346,54,54,54
18,10,99,5346,54,54,54
16,10,99,5346,54,54,54
17,10,99,5346,54,54,54
16,11,99,5346,54,54,54
17,9,99,5346,54,54,54
17,10,99,5346,54,54,54
16,10,99,5346,54,54,54
17,10,99,5346,54,54,54
17,10,99,5346,54,54,54
18,10,99,5346,54,54,54
16,10,99,5346,54,54,54
16,9,99,5346,54,54,54
16,10,99,5346,54,54,54
18,9,99,5346,54,54,54
16,9,99,5346,54,54,54
19,8,99,5346,54,54,54
14,10,99,5346,54,54,54
16,11,99,5346,54,54,54
17,10,99,5346,54,54,54
17,12,107,6769,63.26168224299065,54,66
17,10,98,6468,66,66,66
16,13,98,6468,66,66,66
17,11,98,6468,66,66,66
17,10,93,5410,58.17204301075269,58,66
16,11,93,5394,58,58,58
17,10,93,5316,57.16129032258065,57,58
17,10,93,5301,57,57,57
17,11,93,5301,57,57,57
17,10,93,5301,57,57,57
16,13,105,6885,65.57142857142857,57,67
16,12,105,6934,66.03809523809524,66,67
17,13,109,7044,64.62385321100918,64,66
17,22,111,7104,64,64,64
23,10,106,6388,60.264150943396224,55,64
13,8,91,5005,55,55,55
14,10,91,5005,55,55,55
17,10,91,5005,55,55,55
16,15,86,4071,47.33720930232558,47,55
17,9,86,4042,47,47,47
17,10,86,4042,47,47,47
16,10,86,4042,47,47,47
17,10,86,4042,47,47,47
16,10,86,4042,47,47,47
17,9,85,3746,44.07058823529412,44,47
17,9,85,3659,43.04705882352941,43,44
16,11,85,3655,43,43,43
17,11,85,3655,43,43,43
19,11,85,3655,43,43,43
19,7,85,3655,43,43,43
13,9,85,3655,43,43,43
16,15,85,3655,43,43,43
19,13,85,3655,43,43,43
16,11,85,3655,43,43,43
56,9,85,3655,43,43,43
10,9,85,3655,43,43,43
16,14,85,3655,43,43,43
16,17,85,3655,43,43,43
20,28,85,3655,43,43,43
29,10,85,3655,43,43,43
11,6,85,3655,43,43,43
7,8,85,3655,43,43,43
18,12,85,3655,43,43,43
16,9,85,3655,43,43,43
16,11,85,3710,43.64705882352941,43,44
17,9,85,3740,44,44,44
16,10,85,3740,44,44,44
18,9,85,3740,44,44,44
16,14,85,3740,44,44,44
17,9,85,3740,44,44,44
16,10,85,3740,44,44,44
17,8,85,3740,44,44,44
17,8,85,3740,44,44,44
16,9,85,3740,44,44,44
17,10,85,3740,44,44,44
17,9,85,3659,43.04705882352941,43,44
16,9,85,3655,43,43,43
17,9,85,3655,43,43,43
17,9,85,3655,43,43,43
16,9,85,3655,43,43,43
17,10,85,3655,43,43,43
16,11,85,3655,43,43,43
18,8,85,3655,43,43,43
16,9,85,3655,43,43,43
17,9,85,3655,43,43,43
16,9,85,3655,43,43,43
17,10,85,3655,43,43,43
17,8,85,3655,43,43,43
16,9,85,3655,43,43,43
17,9,85,3655,43,43,43
17,9,85,3655,43,43,43
16,9,85,3655,43,43,43
17,10,85,3655,43,43,43
17,8,85,3655,43,43,43
16,9,85,3655,43,43,43
17,8,85,3655,43,43,43
17,8,85,3655,43,43,43
16,8,85,3655,43,43,43
18,9,86,3662,42.58139534883721,40,43
16,11,85,3448,40.56470588235294,40,43
16,9,85,3655,43,43,43
18,8,85,3655,43,43,43
16,8,85,3655,43,43,43
17,8,85,3655,43,43,43
16,9,85,3655,43,43,43
17,9,85,3655,43,43,43
16,9,85,3655,43,43,43
19,8,85,3655,43,43,43
15,9,85,3655,43,43,43
17,10,85,3655,43,43,43
16,9,85,3655,43,43,43
17,10,85,3655,43,43,43
36,6,85,3655,43,43,43
14,9,85,3655,43,43,43
16,7,85,3655,43,43,43
17,8,85,3655,43,43,43
17,7,85,3655,43,43,43
16,7,85,3655,43,43,43
17,7,85,3655,43,43,43
18,9,85,3655,43,43,43
16,7,85,3655,43,43,43
16,7,85,3655,43,43,43
17,8,85,3655,43,43,43
17,6,85,3655,43,43,43
16,7,85,3655,43,43,43
17,6,85,3655,43,43,43
17,6,85,3655,43,43,43
16,7,85,3655,43,43,43
17,7,85,3655,43,43,43
17,7,85,3710,43.64705882352941,43,44
16,7,85,3740,44,44,44
17,7,85,3740,44,44,44
17,6,85,3740,44,44,44
16,7,85,3740,44,44,44
17,7,85,3740,44,44,44
16,7,85,3767,44.31764705882353,44,45
17,8,86,3870,45,45,45
17,8,86,3870,45,45,45
17,7,86,3870,45,45,45
16,8,86,3870,45,45,45
17,7,86,3870,45,45,45
17,8,86,3870,45,45,45
16,8,86,3870,45,45,45
17,8,86,3870,45,45,45
17,9,86,3870,45,45,45
17,8,86,3870,45,45,45
16,8,86,3870,45,45,45
17,7,86,3870,45,45,45
16,8,86,3870,45,45,45
17,9,97,5118,52.76288659793814,45,55
17,9,97,5238,54,54,54
16,10,97,5238,54,54,54
17,9,97,5238,54,54,54
17,9,97,5145,53.04123711340206,53,54
16,9,97,5141,53,53,53
17,8,97,5141,53,53,53
17,8,97,5141,53,53,53
16,9,97,5059,52.154639175257735,52,53
17,10,97,5044,52,52,52
17,10,93,4895,52.634408602150536,51,54
17,8,85,4590,54,54,54
16,10,96,5994,62.4375,54,64
17,9,96,6144,64,64,64
16,9,91,5201,57.15384615384615,57,64
17,9,91,5187,57,57,57
17,9,91,5100,56.043956043956044,56,57
17,8,91,5096,56,56,56
16,8,91,5096,56,56,56
17,9,91,5020,55.16483516483517,55,56
16,13,102,6352,62.27450980392157,55,65
17,11,90,5404,60.044444444444444,60,61
17,11,90,5400,60,60,60
17,7,85,4519,53.16470588235294,53,60
16,8,85,4424,52.04705882352941,52,53
17,10,85,4420,52,52,52
17,8,85,4475,52.64705882352941,52,53
16,11,85,4505,53,53,53
17,8,85,4505,53,53,53
17,7,84,4206,50.07142857142857,50,53
16,8,84,4200,50,50,50
17,8,84,4120,49.04761904761905,49,50
17,7,84,4116,49,49,49
16,9,84,4047,48.17857142857143,48,49
17,9,83,3674,44.265060240963855,43,48
17,6,72,2536,35.22222222222222,35,43
16,6,72,2520,35,35,35
17,7,72,2452,34.05555555555556,34,35
17,6,72,2448,34,34,34
17,7,72,2448,34,34,34
16,6,72,2448,34,34,34
17,6,72,2448,34,34,34
17,6,72,2448,34,34,34
31,7,72,2448,34,34,34
19,7,72,2448,34,34,34
16,6,72,2448,34,34,34
18,6,72,2448,34,34,34
27,4,72,2448,34,34,34
24,4,72,2380,33.05555555555556,33,34
16,6,72,2376,33,33,33
15,6,72,2376,33,33,33
17,6,72,2376,33,33,33
18,6,72,2376,33,33,33
15,6,72,2376,33,33,33
17,7,72,2376,33,33,33
17,6,72,2376,33,33,33
16,7,72,2376,33,33,33
18,5,72,2376,33,33,33
16,6,72,2376,33,33,33
16,6,72,2376,33,33,33
17,6,72,2376,33,33,33
17,7,72,2376,33,33,33
16,6,72,2376,33,33,33
17,6,72,2376,33,33,33
16,6,72,2376,33,33,33
17,6,72,2376,33,33,33
17,6,72,2376,33,33,33
17,7,72,2376,33,33,33
16,8,72,2376,33,33,33
18,13,72,2376,33,33,33
17,10,72,2376,33,33,33
15,7,72,2376,33,33,33
17,7,72,2376,33,33,33
17,6,72,2376,33,33,33
16,7,72,2376,33,33,33
17,6,72,2376,33,33,33
17,5,72,2376,33,33,33
16,6,72,2376,33,33,33
17,5,72,2376,33,33,33
17,6,72,2376,33,33,33
16,5,72,2376,33,33,33
17,6,72,2376,33,33,33
18,6,72,2376,33,33,33
15,7,72,2376,33,33,33
17,7,72,2376,33,33,33
17,6,72,2376,33,33,33
16,6,72,2376,33,33,33
17,5,72,2376,33,33,33
17,6,72,2376,33,33,33
16,6,72,2376,33,33,33
17,5,72,2376,33,33,33
17,7,72,2376,33,33,33
16,6,72,2376,33,33,33
17,6,72,2376,33,33,33
17,6,72,2419,33.59722222222222,33,34
16,6,72,2448,34,34,34
18,6,72,2448,34,34,34
16,7,72,2448,34,34,34
17,5,72,2448,34,34,34
16,6,72,2448,34,34,34
17,5,72,2448,34,34,34
17,5,72,2448,34,34,34
16,6,72,2448,34,34,34
17,5,72,2448,34,34,34
17,6,72,2448,34,34,34
16,6,72,2448,34,34,34
17,6,72,2448,34,34,34
16,6,72,2448,34,34,34
17,6,72,2448,34,34,34
17,6,72,2448,34,34,34
17,5,72,2448,34,34,34
16,7,72,2448,34,34,34
18,6,72,2448,34,34,34
16,6,72,2448,34,34,34
16,6,72,2448,34,34,34
17,6,72,2448,34,34,34
17,5,72,2448,34,34,34
17,6,72,2448,34,34,34
16,7,72,2448,34,34,34
17,9,72,2448,34,34,34
16,8,72,2448,34,34,34
17,10,72,2448,34,34,34
17,8,72,2448,34,34,34
17,8,72,2448,34,34,34
16,8,72,2448,34,34,34
17,9,72,2448,34,34,34
17,7,72,2448,34,34,34
17,9,72,2448,34,34,34
16,8,72,2448,34,34,34
16,10,72,2448,34,34,34
17,8,72,2448,34,34,34
17,9,72,2448,34,34,34
16,8,72,2448,34,34,34
17,9,72,2448,34,34,34
17,8,72,2448,34,34,34
17,9,72,2448,34,34,34
16,9,72,2448,34,34,34
17,9,72,2448,34,34,34
17,5,72,2448,34,34,34
16,6,72,2448,34,34,34
17,6,72,2448,34,34,34
16,7,72,2448,34,34,34
19,8,72,2448,34,34,34
15,6,72,2448,34,34,34
17,6,72,2448,34,34,34
16,10,72,2448,34,34,34
17,5,72,2448,34,34,34
17,5,72,2448,34,34,34
17,5,72,2448,34,34,34
16,6,72,2448,34,34,34
16,6,72,2448,34,34,34
17,6,72,2448,34,34,34
17,6,72,2448,34,34,34
17,5,72,2448,34,34,34
16,6,72,2448,34,34,34
17,5,72,2448,34,34,34
17,5,72,2448,34,34,34
17,6,72,2448,34,34,34
16,6,72,2448,34,34,34
17,6,72,2448,34,34,34
16,7,72,2448,34,34,34
17,6,72,2405,33.40277777777778,33,34
17,6,72,2376,33,33,33
17,6,72,2376,33,33,33
17,6,72,2376,33,33,33
16,6,72,2376,33,33,33
17,6,72,2376,33,33,33
16,6,72,2376,33,33,33
17,5,72,2376,33,33,33
16,7,72,2376,33,33,33
17,6,72,2376,33,33,33
17,5,72,2376,33,33,33
17,6,72,2376,33,33,33
17,6,72,2376,33,33,33
16,5,72,2376,33,33,33
17,5,72,2376,33,33,33
16,5,72,2376,33,33,33
16,10,72,2376,33,33,33
218,6,72,2376,33,33,33
16,5,72,2376,33,33,33
17,6,72,2376,33,33,33
17,6,72,2376,33,33,33
17,5,72,2376,33,33,33
17,5,72,2376,33,33,33
16,5,72,2376,33,33,33
17,6,72,2376,33,33,33
16,5,72,2376,33,33,33
17,6,72,2376,33,33,33
16,6,72,2376,33,33,33
17,5,72,2376,33,33,33
17,6,72,2376,33,33,33
17,6,72,2376,33,33,33
16,6,72,2376,33,33,33
18,5,72,2376,33,33,33
15,5,72,2376,33,33,33
17,6,72,2376,33,33,33
17,5,72,2376,33,33,33
16,6,72,2376,33,33,33
17,5,72,2376,33,33,33
17,6,72,2376,33,33,33
17,5,72,2376,33,33,33
16,6,72,2376,33,33,33
